Date,U.S. Field Production of Crude Oil (1k Bar.),Product Supplied of Crude Oil and Petroleum Products (1k Bar.),Gross Inputs to Refineries (1k Bar./Day),Operable Crude Oil Distillation Capacity (1k Bar./Calendar Day),Operating Crude Oil Distillation Capacity (1k Bar./Day),Idle Crude Oil Distillation Capacity (1k Bar./Day),Percent Utilization of Refinery Operable Capacity,"Cushing, OK Crude Oil Future Contract ($/Bar.)","Cushing, OK WTI Spot Price FOB ($/Bar.)"
Apr-1986,265917,478339,12603,15473,14550,923,81.5,12.8,12.8
Apr-1987,254945,495706,12637,15565,14870,695,81.2,18.6,18.7
Apr-1988,248629,496816,13346,15888,14986,902,84,17.9,17.9
Apr-1989,233147,498719,13123,15687,14944,743,83.7,20.9,21.1
Apr-1990,222215,503351,13250,15582,14827,754,85,18.6,18.4
Apr-1991,225256,484163,13283,15698,15127,570,84.6,20.8,20.8
Apr-1992,218775,502929,13356,15626,14958,668,85.5,20.3,20.2
Apr-1993,206439,503439,13819,15139,14981,158,91.3,20.3,20.3
Apr-1994,198363,524661,14009,15161,14375,786,92.4,16.3,16.4
Apr-1995,198111,514265,13974,15440,15123,318,90.5,19.9,19.9
Apr-1996,193317,536547,14432,15186,15044,141,95,23.3,23.5
Apr-1997,193239,556769,14465,15616,15229,387,92.6,19.7,19.7
Apr-1998,194483,571320,15301,15692,15547,144,97.5,15.5,15.4
Apr-1999,176616,574548,15386,16258,16126,132,94.6,17.3,17.3
Apr-2000,175625,564493,15281,16505,15909,596,92.6,25.5,25.7
Apr-2001,175879,591867,15768,16608,16428,180,94.9,27.6,27.5
Apr-2002,175333,586562,15586,16757,16415,342,93,26.3,26.2
Apr-2003,171774,594912,15754,16747,16711,35,94.1,28.1,28.2
Apr-2004,166810,616345,15702,16978,16921,57,92.5,36.6,36.8
Apr-2005,166885,604101,15899,17129,17084,45,92.8,53.2,53
Apr-2006,152450,606038,15303,17390,16597,793,88,70.2,69.4
Apr-2007,155407,616079,15371,17443,17136,307,88.1,64,64
Apr-2008,155403,594449,15157,17594,17093,501,86.2,112.5,112.6
Apr-2009,158344,560172,14610,17672,16817,854,82.7,49.9,49.6
Apr-2010,161769,571989,15592,17589,17054,534,88.7,84.6,84.3
Apr-2011,166858,557445,14710,17736,17006,730,82.9,110,109.5
Apr-2012,189590,544879,14952,17275,16713,562,86.6,103.3,103.3
Apr-2013,221261,557828,15282,17814,17005,809,85.8,92.1,92
Apr-2014,255795,565032,16264,17951,17725,226,90.6,102,102.1
Apr-2015,289735,577827,16521,17962,17489,472,92,54.6,54.5
Apr-2016,266122,580388,16223,18319,17606,713,88.6,41.1,40.8
Apr-2017,273090,588635,17276,18621,18420,201,92.8,51.1,51.1
Apr-2018,314803,601151,17101,18598,18561,37,92,66.3,66.3
Apr-2019,363737,609978,16691,18808,18498,310,88.7,63.9,63.9
Apr-2020,357344,436455,13315,18976,18494,482,70.2,16.7,16.5
Apr-2021,336905,583781,15633,18128,17553,574,86.2,61.7,61.7
Aug-1986,259580,515167,13392,15430,14807,624,86.8,15.1,15.1
Aug-1987,254508,506741,13527,15598,15014,584,86.7,20.2,20.3
Aug-1988,250459,541955,13953,15958,14893,1065,87.4,15.5,15.5
Aug-1989,233878,538172,14024,15706,15075,632,89.3,18.5,18.6
Aug-1990,225886,559565,14234,15701,15097,604,90.7,27.2,27.3
Aug-1991,226801,532675,14005,15724,15230,494,89.1,21.7,21.7
Aug-1992,214575,524787,13649,15322,14861,460,89.1,21.3,21.3
Aug-1993,209492,537278,14040,15140,15059,81,92.7,18,18
Aug-1994,202869,561618,14618,15165,15039,126,96.4,18.4,18.4
Aug-1995,199846,559362,14473,15393,15236,157,94,17.8,18
Aug-1996,197162,578396,14538,15306,15168,138,95,21.9,21.9
Aug-1997,196769,575517,15465,15641,15452,189,98.9,19.9,20
Aug-1998,192282,599748,15806,15828,15685,143,99.9,13.4,13.5
Aug-1999,179187,622884,15559,16287,16134,153,95.5,21.3,21.3
Aug-2000,179451,635381,15856,16548,16343,205,95.8,31.1,31.3
Aug-2001,177488,624740,15543,16662,16407,255,93.3,27.3,27.4
Aug-2002,179670,626859,15572,16764,16643,121,92.9,28.2,28.4
Aug-2003,172787,638153,15911,16747,16710,36,95,31.6,31.6
Aug-2004,165072,651864,16494,16978,16904,74,97.1,44.9,44.9
Aug-2005,161153,671648,15969,17230,17141,88,92.7,65,65
Aug-2006,156232,664448,16206,17392,17150,242,93.2,73.1,73
Aug-2007,154060,651790,15859,17460,17202,259,90.8,72.4,72.4
Aug-2008,155092,597441,15343,17610,17464,146,87.1,116.7,116.7
Aug-2009,167945,587432,14870,17681,17091,590,84.1,71.1,71
Aug-2010,168867,609559,15681,17594,17020,573,89.1,76.7,76.6
Aug-2011,175618,600253,16009,17736,17109,627,90.3,86.3,86.3
Aug-2012,196854,593330,15679,17211,16881,330,91.1,94.2,94.1
Aug-2013,233609,593334,16291,17820,17444,376,91.4,106.5,106.6
Aug-2014,276813,600526,16707,17835,17563,272,93.7,96.1,96.5
Aug-2015,291691,617749,16962,18098,17977,121,93.7,42.9,42.9
Aug-2016,269331,628109,16976,18433,18313,120,92.1,44.8,44.7
Aug-2017,286596,628494,17243,18571,18448,123,92.9,48.1,48
Aug-2018,352575,662039,17969,18601,18520,81,96.6,67.8,68.1
Aug-2019,386725,655895,17833,18808,18363,445,94.8,54.8,54.8
Aug-2020,327285,575294,14693,18622,18190,432,78.9,42.4,42.3
Aug-2021,347393,635828,16377,18130,17914,216,90.3,67.7,67.7
Dec-1986,258926,531060,12914,15440,14662,779,83.6,16.1,16.1
Dec-1987,257844,540790,13383,15946,14996,951,83.9,17.3,17.3
Dec-1988,246189,569322,13554,15919,14887,1032,85.1,16.3,16.4
Dec-1989,227439,584589,13244,15761,15117,644,84,21.1,21.1
Dec-1990,227463,511328,12961,15656,14755,901,82.8,27.2,27.3
Dec-1991,226267,531485,13614,15722,15097,625,86.6,19.5,19.5
Dec-1992,220200,555755,13400,15311,14691,619,87.5,19.4,19.4
Dec-1993,212585,556536,13768,15105,14960,146,91.2,14.5,14.5
Dec-1994,209550,567899,14107,15227,15019,208,92.6,17.2,17.2
Dec-1995,202428,569360,14196,15210,14949,261,93.3,19,19
Dec-1996,201685,568355,14391,15259,15069,189,94.3,25.1,25.2
Dec-1997,202464,596759,15188,15628,15424,204,97.2,18.3,18.3
Dec-1998,187347,601998,15169,15951,15797,154,95.1,11.3,11.3
Dec-1999,184716,635453,14706,16276,16124,153,90.4,26.1,26.1
Dec-2000,181508,645249,15546,16559,16387,172,93.9,28.4,28.4
Dec-2001,182511,589098,14899,16512,16157,355,90.2,19.4,19.4
Dec-2002,177372,618244,15218,16700,16386,313,91.1,29.4,29.5
Dec-2003,172715,641053,15577,16747,16604,143,93,32.1,32.1
Dec-2004,170815,658099,16135,16982,16869,113,95,43.3,43.1
Dec-2005,154630,666357,15395,17224,16308,916,89.4,59.4,59.4
Dec-2006,160768,644652,15766,17400,17155,245,90.6,62.1,62
Dec-2007,158427,642299,15477,17448,17115,333,88.7,91.7,91.7
Dec-2008,158183,593409,14787,17621,17394,227,83.9,42,41.1
Dec-2009,169004,596333,14374,17688,16855,833,81.3,74.6,74.5
Dec-2010,173831,611718,15555,17594,16949,645,88.4,89.2,89.1
Dec-2011,189487,581847,15341,17740,16958,782,86.5,98.6,98.6
Dec-2012,220259,562037,15717,17391,16610,782,90.4,88.2,87.9
Dec-2013,245947,589181,16377,17820,17610,209,91.9,97.9,97.6
Dec-2014,296480,604310,16751,17811,17635,177,94.1,59.3,59.3
Dec-2015,287528,607466,16842,18186,18044,142,92.6,37.3,37.2
Dec-2016,273244,619556,16896,18510,18358,152,91.3,52.2,52
Dec-2017,309359,629896,17562,18543,18511,32,94.7,57.9,57.9
Dec-2018,369644,630152,17749,18603,18528,75,95.4,48.7,49.5
Dec-2019,400219,633729,17395,18808,18221,587,92.5,59.8,59.8
Dec-2020,343591,582852,14539,18386,17626,760,79.1,47.1,47
Feb-1986,256855,453209,12068,15485,14538,947,77.9,15.5,15.5
Feb-1987,234880,473425,12417,15548,14748,799,79.9,17.7,17.7
Feb-1988,242848,515026,12889,15942,14922,1020,80.9,16.8,16.8
Feb-1989,218076,501749,12974,15671,14964,707,82.8,17.8,17.9
Feb-1990,209923,480896,13695,15578,15036,542,87.9,22.1,22.1
Feb-1991,213836,457486,13224,15677,15022,655,84.4,20.5,20.5
Feb-1992,214269,489886,12742,15671,14940,731,81.3,19,19
Feb-1993,194393,485354,13097,15129,14825,304,86.6,20.1,20.1
Feb-1994,189569,513444,13336,15028,14873,155,88.7,14.8,14.8
Feb-1995,190245,511803,13567,15436,15128,308,87.9,18.5,18.6
Feb-1996,190727,539974,13679,15164,14903,261,90.2,18.8,19.1
Feb-1997,182400,515145,13601,15452,15205,247,88,22.2,22.2
Feb-1998,181321,512856,14262,15716,15558,158,90.7,16.1,16.1
Feb-1999,167034,534991,14623,16245,16019,226,90,12,12
Feb-2000,169703,569417,14260,16505,16291,215,86.4,29.3,29.4
Feb-2001,161843,551303,15000,16568,16268,301,90.5,29.6,29.6
Feb-2002,164666,544423,14510,16755,16291,464,86.6,20.8,20.7
Feb-2003,161920,570500,14640,16747,16587,159,87.4,35.7,35.8
Feb-2004,161583,605301,15056,16948,16891,57,88.8,34.5,34.7
Feb-2005,154038,583252,15511,17125,16915,210,90.6,48.1,48.1
Feb-2006,140894,576155,15000,17341,16711,630,86.5,61.9,61.6
Feb-2007,143301,596651,14773,17443,16978,466,84.7,59.4,59.3
Feb-2008,149297,580836,14948,17594,17265,328,85,95.3,95.4
Feb-2009,146698,527011,14409,17672,16998,674,81.5,39.3,39.1
Feb-2010,155496,527273,14267,17584,16643,941,81.1,76.5,76.4
Feb-2011,151354,526890,14195,17736,16904,833,80,89.7,88.6
Feb-2012,181759,540040,15019,17367,16755,612,86.5,102.3,102.2
Feb-2013,200376,522308,14542,17814,16851,963,81.6,95.3,95.3
Feb-2014,228401,529329,15518,17925,17691,234,86.6,100.7,100.8
Feb-2015,266115,550869,15635,17950,17644,305,87.1,50.7,50.6
Feb-2016,262841,575396,16179,18317,18095,222,88.3,30.6,30.3
Feb-2017,255059,536096,15827,18617,18169,448,85,53.5,53.5
Feb-2018,287727,551408,16360,18598,18491,108,88,62.2,62.2
Feb-2019,326272,567948,16160,18808,18296,512,85.9,55,55
Feb-2020,371949,583835,16506,18976,18506,470,87,50.5,50.5
Feb-2021,273646,488438,12804,18090,17526,564,70.8,59.1,59
Jan-1986,283248,498728,12583,15459,14639,820,81.4,23,22.9
Jan-1987,262888,517210,12725,15566,14940,625,81.8,18.7,18.7
Jan-1988,255743,539481,13175,15915,15018,897,82.8,17.2,17.1
Jan-1989,246056,535329,13502,15655,15012,643,86.2,18,18
Jan-1990,233931,525878,13668,15572,15063,509,87.8,22.6,22.9
Jan-1991,232498,523670,12931,15676,14959,717,82.5,24.7,25.2
Jan-1992,228178,527375,13097,15696,14965,731,83.4,18.8,18.8
Jan-1993,215791,501374,13123,15121,14777,344,86.8,19.1,19
Jan-1994,211320,560233,13526,15058,14718,339,89.8,15,15
Jan-1995,207148,533785,13830,15434,15082,353,89.6,18,18
Jan-1996,201354,566079,13894,15333,15083,251,90.6,18.8,18.9
Jan-1997,198466,575184,13771,15452,15168,284,89.1,25.2,25.1
Jan-1998,202756,569212,14661,15711,15538,173,93.3,16.7,16.7
Jan-1999,184864,589894,14694,16261,16061,200,90.4,12.5,12.5
Jan-2000,179316,589799,14156,16512,16315,197,85.7,27,27.3
Jan-2001,179767,622856,14940,16568,16320,248,90.2,29.3,29.6
Jan-2002,182076,603059,14693,16755,16223,532,87.7,19.7,19.7
Jan-2003,178412,620512,14611,16757,16484,273,87.2,32.7,32.9
Jan-2004,173132,634855,15092,16947,16812,135,89.1,34.2,34.3
Jan-2005,168831,641524,15632,17125,17006,119,91.3,46.9,46.8
Jan-2006,156480,633525,15085,17339,16421,918,87,65.5,65.5
Jan-2007,158342,637580,15381,17440,16995,446,88.2,54.4,54.5
Jan-2008,158566,627656,15087,17594,17226,368,85.8,92.9,93
Jan-2009,159467,590234,14538,17672,17342,330,82.3,41.9,41.7
Jan-2010,167529,578132,14065,17597,16864,734,79.9,78.4,78.3
Jan-2011,170393,586949,15035,17736,16937,799,84.8,89.6,89.2
Jan-2012,191439,567256,14865,17367,16789,578,85.6,100.3,100.3
Jan-2013,219590,580809,14934,17823,16775,1048,83.8,94.8,94.8
Jan-2014,250425,592179,15649,17925,17730,194,87.3,94.9,94.6
Jan-2015,290856,597459,15767,17967,17768,200,87.8,47.3,47.2
Jan-2016,285245,590952,16297,18317,18165,152,89,31.8,31.7
Jan-2017,275058,597976,16462,18617,18314,303,88.4,52.6,52.5
Jan-2018,309881,637495,16917,18598,18567,32,91,63.5,63.7
Jan-2019,367286,639064,17111,18808,18698,110,91,51.6,51.4
Jan-2020,396329,617935,16860,18976,18549,427,88.9,57.5,57.5
Jan-2021,342747,576457,14975,18143,17735,408,82.5,52.1,52
Jul-1986,268448,505514,13009,15475,14607,868,84.1,11.6,11.6
Jul-1987,255782,530502,13612,15701,15122,579,86.7,21.3,21.3
Jul-1988,249229,517536,13804,15958,14851,1107,86.5,15.5,15.5
Jul-1989,230766,510039,13957,15698,15097,602,88.9,19.7,19.8
Jul-1990,222371,529591,14414,15598,15100,498,92.4,18.6,18.5
Jul-1991,227756,526087,13941,15694,15186,508,88.8,21.4,21.4
Jul-1992,221064,531442,14176,15432,14808,623,91.9,21.7,21.8
Jul-1993,207339,538070,14458,15198,15059,139,95.1,17.9,17.9
Jul-1994,201527,542046,14480,15163,15037,126,95.5,19.7,19.7
Jul-1995,199912,531547,14461,15376,15042,334,94,17.3,17.3
Jul-1996,196471,564533,14478,15249,15112,138,94.9,21.3,21.3
Jul-1997,198691,592306,15190,15639,15462,177,97.1,19.7,19.7
Jul-1998,192026,603451,15705,15826,15691,135,99.2,14.1,14.2
Jul-1999,179738,614423,15454,16287,16134,153,94.9,20.1,20.1
Jul-2000,177920,610585,15975,16496,16280,217,96.8,29.7,29.7
Jul-2001,178208,617494,15638,16662,16442,220,93.9,26.5,26.4
Jul-2002,178275,622351,15666,16764,16643,121,93.5,26.9,27
Jul-2003,170452,622911,15745,16747,16711,35,94,30.7,30.8
Jul-2004,170011,647293,16436,16984,16910,73,96.8,40.8,40.8
Jul-2005,162854,649104,16237,17238,17150,88,94.2,59,59
Jul-2006,157919,642948,16091,17392,17150,242,92.5,74.5,74.4
Jul-2007,156175,643155,15922,17460,17122,339,91.2,74.2,74.1
Jul-2008,160481,606254,15638,17610,17464,146,88.8,133.5,133.4
Jul-2009,167336,577412,14891,17681,17191,491,84.2,64.3,64.2
Jul-2010,164234,598019,16040,17594,17159,434,91.2,76.4,76.3
Jul-2011,168635,580019,16001,17736,17246,491,90.2,97.3,97.3
Jul-2012,199361,574746,15991,17291,17054,237,92.5,87.9,87.9
Jul-2013,233238,597058,16483,17818,17452,365,92.5,104.7,104.7
Jul-2014,274131,596659,16880,17835,17678,157,94.7,102.4,103.6
Jul-2015,292813,623682,17185,18097,17962,135,95,50.9,50.9
Jul-2016,268470,612364,17000,18433,18281,152,92.2,44.8,44.7
Jul-2017,286635,623884,17659,18567,18300,267,95.1,46.7,46.6
Jul-2018,337540,640813,17688,18598,18517,81,95.1,70.7,71
Jul-2019,368765,642772,17687,18808,18692,117,94,57.5,57.4
Jul-2020,339651,569813,14824,18622,18154,468,79.6,40.8,40.7
Jul-2021,351228,616714,16482,18129,17943,187,90.9,72.4,72.5
Jun-1986,258700,481482,13347,15465,14649,816,86.3,13.4,13.4
Jun-1987,248356,504892,13306,15588,14836,751,85.4,20,20.1
Jun-1988,245102,511781,13710,15934,14831,1103,86,16.6,16.5
Jun-1989,228731,524903,14067,15698,15124,575,89.6,20,20.1
Jun-1990,213175,514961,13893,15597,14899,698,89.1,16.9,16.7
Jun-1991,219610,506333,14128,15726,15209,518,89.8,20.2,20.2
Jun-1992,215019,509344,14285,15458,14808,650,92.4,22.4,22.4
Jun-1993,203842,512878,14415,15166,15006,160,95.1,19.1,19.1
Jun-1994,198318,534461,14519,15162,15050,112,95.8,19.1,19.1
Jun-1995,197359,543919,14714,15385,15213,172,95.6,18.4,18.4
Jun-1996,193746,543207,14681,15224,15073,152,96.4,20.4,20.4
Jun-1997,193252,558515,15300,15638,15461,177,97.8,19.2,19.3
Jun-1998,188018,575446,15671,15821,15686,135,99.1,13.7,13.7
Jun-1999,172808,595094,15210,16276,16137,139,93.5,17.9,17.9
Jun-2000,174686,601623,15867,16496,16125,372,96.2,31.5,31.8
Jun-2001,172974,586829,15897,16627,16407,220,95.6,27.6,27.6
Jun-2002,176532,596246,15610,16764,16643,121,93.1,25.5,25.5
Jun-2003,169772,593798,15851,16747,16711,35,94.7,30.5,30.7
Jun-2004,162208,623395,16552,16978,16921,57,97.5,38,38
Jun-2005,163263,635951,16730,17234,17129,105,97.1,56.4,56.4
Jun-2006,154884,629452,16171,17390,17132,258,93,71,71
Jun-2007,152254,621692,15444,17460,16976,485,88.5,67.5,67.5
Jun-2008,154133,590342,15768,17610,17464,146,89.5,134,133.9
Jun-2009,158079,564829,15194,17672,17308,364,86,69.7,69.6
Jun-2010,161385,586854,15893,17523,17050,473,90.7,75.4,75.3
Jun-2011,167673,575614,15778,17736,17122,614,89,96.3,96.3
Jun-2012,188255,566197,15983,17275,16980,295,92.5,82.4,82.3
Jun-2013,218381,564479,16313,17815,17239,576,91.6,95.8,95.8
Jun-2014,262288,566345,16087,17825,17579,246,90.3,105.1,105.8
Jun-2015,280747,595390,16924,18056,17873,183,93.7,59.8,59.8
Jun-2016,260163,594972,16803,18433,18181,252,91.2,48.8,48.8
Jun-2017,273309,616953,17527,18567,18300,267,94.4,45.2,45.2
Jun-2018,318837,623108,18041,18598,18523,75,97,67.3,67.9
Jun-2019,365366,619619,17699,18808,18692,117,94.1,54.7,54.7
Jun-2020,312593,527342,14217,18622,18154,468,76.4,38.3,38.3
Jun-2021,338645,616115,16743,18128,17910,218,92.4,71.4,71.4
Mar-1986,279413,504565,11759,15485,14517,968,75.9,12.6,12.6
Mar-1987,262398,501109,12237,15559,14816,743,78.6,18.3,18.3
Mar-1988,259587,545962,13241,15888,15015,873,83.3,16.2,16.2
Mar-1989,234822,557660,13131,15669,14931,738,83.8,19.4,19.5
Mar-1990,230434,529703,13080,15582,14844,737,83.9,20.4,20.4
Mar-1991,233926,502581,13051,15686,15117,569,83.2,19.9,19.9
Mar-1992,227798,521571,13292,15618,14893,725,85.1,18.9,18.9
Mar-1993,216198,544816,13507,15133,14910,223,89.3,20.3,20.3
Mar-1994,209114,536696,13158,15028,14411,617,87.6,14.7,14.7
Mar-1995,204613,542000,13383,15440,15278,162,86.7,18.6,18.5
Mar-1996,203715,567321,13941,15186,14950,236,91.8,21.2,21.3
Mar-1997,200013,553739,14156,15632,15233,399,90.6,21,21
Mar-1998,198639,579239,14901,15735,15550,184,94.7,15,15.1
Mar-1999,182362,604395,14783,16256,16125,131,90.9,14.7,14.7
Mar-2000,183464,595752,14806,16505,16134,372,89.7,29.9,29.8
Mar-2001,182290,616161,14857,16620,16354,267,89.4,27.3,27.2
Mar-2002,182460,609965,14724,16755,16414,342,87.9,24.4,24.5
Mar-2003,179907,610933,15159,16747,16710,36,90.5,33.2,33.5
Mar-2004,174115,634033,15027,16978,16921,57,88.5,36.7,36.7
Mar-2005,173626,651274,15541,17125,17029,96,90.8,54.6,54.2
Mar-2006,155842,638859,14914,17390,16666,724,85.8,63,62.7
Mar-2007,158697,636610,15185,17443,17023,420,87.1,60.7,60.4
Mar-2008,160868,614758,14637,17594,17222,372,83.2,105.4,105.5
Mar-2009,161776,580286,14399,17672,17097,575,81.5,48.1,47.9
Mar-2010,170976,591487,14630,17584,16841,743,83.2,81.3,81.2
Mar-2011,174158,594866,14963,17736,17032,704,84.4,103,102.9
Mar-2012,196116,562017,14783,17275,16509,766,85.6,106.2,106.2
Mar-2013,223674,574970,14907,17814,16921,893,83.7,93,92.9
Mar-2014,257220,572013,15390,17931,17659,272,85.8,100.5,100.8
Mar-2015,297040,599815,15878,17950,17461,488,88.5,47.9,47.8
Mar-2016,281716,612347,16287,18319,18074,245,88.9,38,37.5
Mar-2017,284208,621782,16421,18621,18420,201,88.2,49.7,49.3
Mar-2018,324296,642668,16945,18598,18561,37,91.1,62.9,62.7
Mar-2019,368867,625463,16323,18808,18621,188,86.8,58.2,58.2
Mar-2020,397298,572348,15756,18976,18452,524,83,30.4,29.2
Mar-2021,345946,595319,14834,18090,17035,1055,82,62.4,62.3
May-1986,273964,495789,13314,15484,14805,679,86,15.3,15.4
May-1987,258426,496806,12848,15565,14824,741,82.5,19.3,19.4
May-1988,255089,502103,13638,15909,14979,930,85.7,17.4,17.4
May-1989,242303,512928,13566,15692,15008,683,86.5,20,20.1
May-1990,227179,524350,13576,15582,14884,698,87.1,18.5,18.2
May-1991,229670,501860,13748,15709,15159,550,87.5,21.2,21.2
May-1992,222227,511048,13850,15490,14873,618,89.4,21,21
May-1993,212255,511747,14062,15151,14945,207,92.8,20,19.9
May-1994,207334,532616,14467,15162,14970,192,95.4,17.8,17.9
May-1995,205509,536097,14457,15385,15158,227,94,19.7,19.7
May-1996,198208,556654,14538,15182,15037,145,95.8,21.1,21.2
May-1997,200702,567078,15232,15616,15449,167,97.5,20.9,20.8
May-1998,196754,569624,15464,15708,15573,135,98.4,14.9,14.9
May-1999,182122,579867,15282,16271,15984,288,93.9,17.8,17.7
May-2000,181242,607755,15625,16506,16122,384,94.7,28.8,28.8
May-2001,180712,604530,16018,16618,16444,174,96.4,28.7,28.6
May-2002,183057,611573,15329,16757,16414,342,91.5,27,27
May-2003,175568,599655,16038,16747,16711,35,95.8,28.1,28.1
May-2004,172235,629710,16234,16978,16904,73,95.6,40.3,40.3
May-2005,173491,638792,16242,17234,17096,138,94.2,49.9,49.8
May-2006,159667,634167,15862,17390,17012,378,91.2,71,70.8
May-2007,161548,639235,15651,17455,17190,266,89.7,63.5,63.5
May-2008,159437,613723,15629,17606,17461,146,88.8,125.5,125.4
May-2009,166684,564542,14838,17672,17174,498,84,59.2,59
May-2010,167427,585109,15510,17589,16872,716,88.2,74.1,73.7
May-2011,174363,571295,15129,17736,17052,684,85.3,101.4,100.9
May-2012,197441,575812,15657,17275,16541,735,90.6,94.7,94.7
May-2013,227152,580719,15714,17815,17228,587,88.2,94.8,94.5
May-2014,267996,576636,16197,17951,17453,498,90.2,101.8,102.2
May-2015,293683,598991,16612,17962,17819,142,92.5,59.4,59.3
May-2016,273781,599120,16477,18319,18085,234,89.9,46.8,46.7
May-2017,284718,621449,17514,18557,18338,219,94.4,48.5,48.5
May-2018,323159,627787,17341,18598,18517,81,93.2,69.9,70
May-2019,376362,632000,17043,18808,18495,314,90.6,60.9,60.8
May-2020,301045,498424,13429,18641,18163,478,72,28.5,28.6
May-2021,351346,622903,16130,18128,17843,285,89,65.2,65.2
Nov-1986,252374,486633,12928,15440,14835,606,83.7,15.2,15.2
Nov-1987,251915,490290,13074,15888,14895,994,82.3,18.8,18.9
Nov-1988,240700,528590,13354,15909,15081,828,83.9,14,14.1
Nov-1989,226082,519331,13549,15732,15106,626,86.1,19.8,19.9
Nov-1990,221598,500850,13187,15666,14936,730,84.2,32.3,32.3
Nov-1991,219833,501911,13156,15722,15144,578,83.7,22.4,22.5
Nov-1992,210724,512730,13795,15304,14728,576,90.1,20.4,20.3
Nov-1993,207349,533395,13928,15151,14969,182,91.9,16.7,16.6
Nov-1994,198850,519447,14101,15217,15081,136,92.7,18.1,18.1
Nov-1995,197559,539379,14002,15196,15022,174,92.1,18,18
Nov-1996,194268,556054,14379,15259,15121,138,94.2,23.6,23.7
Nov-1997,193778,557349,14939,15602,15452,150,95.8,20.2,20.2
Nov-1998,184198,560190,15095,15927,15478,449,94.8,13,13
Nov-1999,178811,572616,15026,16327,16124,204,92,24.8,25
Nov-2000,174980,579827,15325,16559,16387,172,92.6,34.3,34.4
Nov-2001,176441,581879,15231,16512,16257,255,92.2,19.7,19.6
Nov-2002,168706,599736,15463,16700,16416,283,92.6,26.2,26.4
Nov-2003,166397,596180,15679,16747,16669,78,93.6,31.1,31.1
Nov-2004,162699,624161,16023,16982,16869,113,94.4,48.5,48.5
Nov-2005,145708,618701,15378,17225,16316,909,89.3,58.3,58.3
Nov-2006,151926,620061,15311,17400,17075,325,88,59.4,59.1
Nov-2007,151021,616040,15506,17448,17217,232,88.9,94.6,94.8
Nov-2008,152343,571573,15115,17621,17417,204,85.8,57.4,57.3
Nov-2009,161838,562590,14338,17688,17244,444,81.1,78.1,78
Nov-2010,167272,568963,15166,17528,16644,883,86.5,84.3,84.3
Nov-2011,181157,571763,15426,17730,16487,1244,87,97.2,97.2
Nov-2012,212424,555853,15416,17408,16434,974,88.6,86.7,86.5
Nov-2013,237602,584641,16135,17820,17625,195,90.6,93.9,93.9
Nov-2014,279793,581811,16367,17811,17672,139,91.9,75.8,75.8
Nov-2015,279975,573163,16683,18186,17860,326,91.7,42.9,42.4
Nov-2016,267035,590579,16545,18491,17955,536,89.5,45.9,45.7
Nov-2017,302310,609308,17127,18505,18356,149,92.6,56.5,56.6
Nov-2018,356028,623226,17500,18603,18528,75,94.1,56.6,57
Nov-2019,388984,622085,17041,18808,18173,635,90.6,57.1,57
Nov-2020,333621,562276,14580,18386,17586,800,79.3,41.1,40.9
Oct-1986,260984,514674,12753,15435,14827,608,82.6,14.9,14.9
Oct-1987,259272,525173,12896,15592,14935,657,82.7,19.9,19.9
Oct-1988,248704,544972,13304,15946,15117,829,83.4,13.8,13.8
Oct-1989,231036,536411,13533,15722,14946,775,86.1,20.1,20.1
Oct-1990,233799,524967,13076,15666,15125,540,83.5,35.9,36
Oct-1991,230557,526870,13118,15722,15177,545,83.4,23.2,23.2
Oct-1992,220898,540892,13651,15287,14844,443,89.3,21.7,21.7
Oct-1993,212003,537012,13902,15137,15000,137,91.8,18.2,18.2
Oct-1994,206398,549299,13660,15212,15086,126,89.8,17.7,17.7
Oct-1995,199055,547183,13748,15191,15033,158,90.5,17.4,17.4
Oct-1996,200907,594302,14442,15259,15109,149,94.6,24.9,24.9
Oct-1997,200482,591200,15127,15602,15464,139,97,21.3,21.3
Oct-1998,190420,594824,14222,15880,15343,537,89.6,14.4,14.5
Oct-1999,184361,615915,14860,16317,16118,199,91.1,22.7,22.7
Oct-2000,180080,613744,15267,16559,16360,199,92.2,32.9,33.1
Oct-2001,178129,614536,15196,16510,16155,355,92,22.2,22.2
Oct-2002,166105,610030,14614,16700,16463,237,87.5,28.9,28.8
Oct-2003,174020,625647,15480,16747,16697,50,92.4,30.3,30.3
Oct-2004,160270,646687,15314,16982,16869,113,90.2,53.1,53.3
Oct-2005,141200,627838,14007,17225,15747,1478,81.3,62.3,62.3
Oct-2006,158353,643837,15293,17400,17135,265,87.9,59.1,58.9
Oct-2007,155680,634769,15249,17448,17221,227,87.4,85.7,85.8
Oct-2008,146868,610647,15037,17621,17311,310,85.3,76.7,76.6
Oct-2009,171258,582888,14419,17688,17140,548,81.5,75.8,75.7
Oct-2010,174547,586761,14466,17528,16849,678,82.5,81.9,81.9
Oct-2011,182977,583322,15050,17736,16816,921,84.9,86.4,86.3
Oct-2012,216041,579946,15153,17402,16679,723,87.1,89.6,89.5
Oct-2013,240594,599006,15475,17820,17578,242,86.8,100.6,100.5
Oct-2014,287193,610719,15660,17851,17466,385,87.7,84.3,84.4
Oct-2015,291410,603560,15691,18133,17939,194,86.5,46.3,46.2
Oct-2016,272860,610208,15783,18471,18180,291,85.4,49.9,49.8
Oct-2017,299429,619097,16343,18497,18251,247,88.4,51.7,51.6
Oct-2018,356138,644360,16735,18603,18090,513,90,70.8,70.7
Oct-2019,395900,642134,16128,18808,18138,670,85.8,54,54
Oct-2020,322816,577023,13846,18386,16898,1488,75.3,39.6,39.4
Oct-2021,355670,616639,15581,18132,17133,999,85.9,81.2,81.5
Sep-1986,249843,477269,13191,15435,14870,565,85.5,14.9,14.9
Sep-1987,246163,500097,13328,15593,14984,609,85.5,19.5,19.5
Sep-1988,236847,512149,13356,15965,15124,841,83.7,14.5,14.5
Sep-1989,226436,503850,13898,15722,14963,759,88.4,19.6,19.6
Sep-1990,216715,495360,14298,15702,15120,582,91.1,33.7,33.5
Sep-1991,221029,505429,13883,15724,15204,520,88.3,21.9,21.9
Sep-1992,210904,506265,13886,15308,14814,499,90.7,21.9,21.9
Sep-1993,201347,529508,14045,15142,15033,109,92.8,17.5,17.5
Sep-1994,198264,524709,14360,15207,15081,126,94.4,17.5,17.4
Sep-1995,192484,540776,14592,15272,15154,118,95.6,18.2,18.2
Sep-1996,194456,529637,14637,15259,15121,138,95.9,23.9,24
Sep-1997,194575,556849,15533,15602,15464,139,99.6,19.8,19.8
Sep-1998,173676,566848,15040,15828,15699,129,95,15,15
Sep-1999,174113,584477,15353,16317,16164,153,94.1,23.8,23.8
Sep-2000,172731,596968,15582,16549,16350,199,94.2,33.9,33.9
Sep-2001,171270,570485,15230,16510,16197,313,92.2,25.8,26.2
Sep-2002,162336,583828,15149,16764,16528,236,90.4,29.7,29.7
Sep-2003,168270,597976,15590,16747,16697,49,93.1,28.3,28.3
Sep-2004,152444,615858,15302,16978,16904,74,90.1,45.9,45.9
Sep-2005,126417,604247,14396,17230,16245,984,83.6,65.6,65.6
Sep-2006,150926,616765,16177,17393,17126,267,93,63.9,63.8
Sep-2007,147061,612438,15513,17448,17041,407,88.9,79.6,79.9
Sep-2008,119208,535165,13139,17610,14959,2651,74.6,103.8,104.1
Sep-2009,166765,557833,15017,17681,17152,529,84.9,69.5,69.4
Sep-2010,168473,583937,15213,17594,16966,628,86.5,75.5,75.2
Sep-2011,168411,566597,15735,17736,17208,529,88.7,85.6,85.5
Sep-2012,197923,542427,15248,17400,15917,1483,87.6,94.6,94.5
Sep-2013,235183,578447,16157,17820,17625,195,90.7,106.2,106.3
Sep-2014,272571,576110,16358,17835,17678,157,91.7,93,93.2
Sep-2015,284398,583075,16427,18138,18028,110,90.6,45.5,45.5
Sep-2016,256249,593243,16687,18456,18326,130,90.4,45.2,45.2
Sep-2017,285487,588882,15788,18496,15927,2569,85.4,49.9,49.8
Sep-2018,342660,602523,17383,18601,18526,75,93.5,70.1,70.2
Sep-2019,377169,607454,16728,18808,18363,445,88.9,57,56.9
Sep-2020,326042,552445,14138,18386,17103,1283,76.9,39.6,39.6
Sep-2021,324654,606706,15797,18130,15800,2331,87.1,71.5,71.6
